<?xml version="1.0" encoding="UTF-8"?><?xml-stylesheet type="text/css" href="idempiereDocument.css"?><idempiereDocument>
    <header>Human_Talent_1a_parte Package Description</header>
    <H1>Package Name:</H1>
    <packagename>Human_Talent_1a_parte</packagename>
    <H1>Author:</H1>
    <Name:/>
    <H1>Email Address:</H1>
    <Email/>
    <H1>Created:</H1>
    <Date>2021-05-19 11:06:57.434</Date>
    <H1>Updated:</H1>
    <Date>2021-05-19 15:57:59.515</Date>
    <H1>Description:</H1>
    <description>Diviso in 2 perchè altrimenti diffcoltà ad installarsi</description>
    <H1>Instructions:</H1>
    <instructions/>
    <H1>Files in Package:</H1>
    <file>File: PackOut.xml</file>
    <filedirectory>Directory: \dict\</filedirectory>
    <filenotes>Notes: Contains all application/object settings for package</filenotes>
    <H1>Client:</H1>
    <Client>0-SYSTEM-System</Client>
</idempiereDocument>
